step,t_s,pn,pe,pd,vn,ve,vd,range,az,el,doppler,innov_r,innov_az,innov_el,innov_dop,update_ok
0,0.010,0.0000,0.0000,0.0000,0.0000,0.0000,0.0000,20.2144,0.0000,-1.4233,0.9353,nan,nan,nan,nan,0
1,0.020,0.0000,0.0000,0.0000,0.0000,0.0000,0.0000,20.2050,0.0000,-1.4248,0.9312,nan,nan,nan,nan,0
2,0.030,0.0000,0.0000,0.0000,0.0000,0.0000,0.0000,20.1958,0.0000,-1.4262,0.9271,nan,nan,nan,nan,0
3,0.040,0.0000,0.0000,0.0000,0.0000,0.0000,0.0000,20.1865,0.0000,-1.4276,0.9229,nan,nan,nan,nan,0
4,0.050,0.0000,0.0000,0.0000,0.0000,0.0000,0.0000,20.1773,0.0000,-1.4291,0.9187,nan,nan,nan,nan,0
5,0.060,0.0000,0.0000,0.0000,0.0000,0.0000,0.0000,20.1681,0.0000,-1.4305,0.9146,nan,nan,nan,nan,0
6,0.070,0.0000,0.0000,0.0000,0.0000,0.0000,0.0000,20.1590,0.0000,-1.4320,0.9104,nan,nan,nan,nan,0
7,0.080,0.0000,0.0000,0.0000,0.0000,0.0000,0.0000,20.1499,0.0000,-1.4334,0.9062,nan,nan,nan,nan,0
8,0.090,0.0000,0.0000,0.0000,0.0000,0.0000,0.0000,20.1409,0.0000,-1.4348,0.9020,nan,nan,nan,nan,0
9,0.100,0.0000,0.0000,0.0000,0.0000,0.0000,0.0000,20.1319,0.0000,-1.4363,0.8978,nan,nan,nan,nan,0
10,0.110,0.0000,0.0000,0.0000,0.0000,0.0000,0.0000,20.1229,0.0000,-1.4377,0.8936,nan,nan,nan,nan,0
11,0.120,0.0000,0.0000,0.0000,0.0000,0.0000,0.0000,20.1140,0.0000,-1.4392,0.8894,nan,nan,nan,nan,0
12,0.130,0.0000,0.0000,0.0000,0.0000,0.0000,0.0000,20.1051,0.0000,-1.4406,0.8852,nan,nan,nan,nan,0
13,0.140,0.0000,0.0000,0.0000,0.0000,0.0000,0.0000,20.0963,0.0000,-1.4421,0.8810,nan,nan,nan,nan,0
14,0.150,0.0000,0.0000,0.0000,0.0000,0.0000,0.0000,20.0875,0.0000,-1.4435,0.8768,nan,nan,nan,nan,0
15,0.160,0.0000,0.0000,0.0000,0.0000,0.0000,0.0000,20.0788,0.0000,-1.4450,0.8726,nan,nan,nan,nan,0
16,0.170,0.0000,0.0000,0.0000,0.0000,0.0000,0.0000,20.0701,0.0000,-1.4464,0.8683,nan,nan,nan,nan,0
17,0.180,0.0000,0.0000,0.0000,0.0000,0.0000,0.0000,20.0614,0.0000,-1.4479,0.8641,nan,nan,nan,nan,0
18,0.190,0.0000,0.0000,0.0000,0.0000,0.0000,0.0000,20.0528,0.0000,-1.4493,0.8599,nan,nan,nan,nan,0
19,0.200,0.0000,0.0000,0.0000,0.0000,0.0000,0.0000,20.0442,0.0000,-1.4508,0.8556,nan,nan,nan,nan,0
20,0.210,0.0000,0.0000,0.0000,0.0000,0.0000,0.0000,20.0357,0.0000,-1.4522,0.8514,nan,nan,nan,nan,0
21,0.220,0.0000,0.0000,0.0000,0.0000,0.0000,0.0000,20.0272,0.0000,-1.4537,0.8471,nan,nan,nan,nan,0
22,0.230,0.0000,0.0000,0.0000,0.0000,0.0000,0.0000,20.0187,0.0000,-1.4551,0.8428,nan,nan,nan,nan,0
23,0.240,0.0000,0.0000,0.0000,0.0000,0.0000,0.0000,20.0103,0.0000,-1.4566,0.8386,nan,nan,nan,nan,0
24,0.250,0.0000,0.0000,0.0000,0.0000,0.0000,0.0000,20.0020,0.0000,-1.4581,0.8343,nan,nan,nan,nan,0
25,0.260,0.0000,0.0000,0.0000,0.0000,0.0000,0.0000,19.9936,0.0000,-1.4595,0.8300,nan,nan,nan,nan,0
26,0.270,0.0000,0.0000,0.0000,0.0000,0.0000,0.0000,19.9854,0.0000,-1.4610,0.8257,nan,nan,nan,nan,0
27,0.280,0.0000,0.0000,0.0000,0.0000,0.0000,0.0000,19.9771,0.0000,-1.4625,0.8214,nan,nan,nan,nan,0
28,0.290,0.0000,0.0000,0.0000,0.0000,0.0000,0.0000,19.9689,0.0000,-1.4639,0.8171,nan,nan,nan,nan,0
29,0.300,0.0000,0.0000,0.0000,0.0000,0.0000,0.0000,19.9608,0.0000,-1.4654,0.8128,nan,nan,nan,nan,0
30,0.310,0.0000,0.0000,0.0000,0.0000,0.0000,0.0000,19.9527,0.0000,-1.4669,0.8085,nan,nan,nan,nan,0
31,0.320,0.0000,0.0000,0.0000,0.0000,0.0000,0.0000,19.9446,0.0000,-1.4683,0.8042,nan,nan,nan,nan,0
32,0.330,0.0000,0.0000,0.0000,0.0000,0.0000,0.0000,19.9366,0.0000,-1.4698,0.7999,nan,nan,nan,nan,0
33,0.340,0.0000,0.0000,0.0000,0.0000,0.0000,0.0000,19.9286,0.0000,-1.4713,0.7956,nan,nan,nan,nan,0
34,0.350,0.0000,0.0000,0.0000,0.0000,0.0000,0.0000,19.9207,0.0000,-1.4728,0.7913,nan,nan,nan,nan,0
35,0.360,0.0000,0.0000,0.0000,0.0000,0.0000,0.0000,19.9128,0.0000,-1.4742,0.7869,nan,nan,nan,nan,0
36,0.370,0.0000,0.0000,0.0000,0.0000,0.0000,0.0000,19.9049,0.0000,-1.4757,0.7826,nan,nan,nan,nan,0
37,0.380,0.0000,0.0000,0.0000,0.0000,0.0000,0.0000,19.8971,0.0000,-1.4772,0.7783,nan,nan,nan,nan,0
38,0.390,0.0000,0.0000,0.0000,0.0000,0.0000,0.0000,19.8894,0.0000,-1.4787,0.7739,nan,nan,nan,nan,0
39,0.400,0.0000,0.0000,0.0000,0.0000,0.0000,0.0000,19.8816,0.0000,-1.4801,0.7696,nan,nan,nan,nan,0
40,0.410,0.0000,0.0000,0.0000,0.0000,0.0000,0.0000,19.8740,0.0000,-1.4816,0.7652,nan,nan,nan,nan,0
41,0.420,0.0000,0.0000,0.0000,0.0000,0.0000,0.0000,19.8663,0.0000,-1.4831,0.7608,nan,nan,nan,nan,0
42,0.430,0.0000,0.0000,0.0000,0.0000,0.0000,0.0000,19.8588,0.0000,-1.4846,0.7565,nan,nan,nan,nan,0
43,0.440,0.0000,0.0000,0.0000,0.0000,0.0000,0.0000,19.8512,0.0000,-1.4861,0.7521,nan,nan,nan,nan,0
44,0.450,0.0000,0.0000,0.0000,0.0000,0.0000,0.0000,19.8437,0.0000,-1.4876,0.7477,nan,nan,nan,nan,0
45,0.460,0.0000,0.0000,0.0000,0.0000,0.0000,0.0000,19.8363,0.0000,-1.4890,0.7433,nan,nan,nan,nan,0
46,0.470,0.0000,0.0000,0.0000,0.0000,0.0000,0.0000,19.8288,0.0000,-1.4905,0.7389,nan,nan,nan,nan,0
47,0.480,0.0000,0.0000,0.0000,0.0000,0.0000,0.0000,19.8215,0.0000,-1.4920,0.7346,nan,nan,nan,nan,0
48,0.490,0.0000,0.0000,0.0000,0.0000,0.0000,0.0000,19.8142,0.0000,-1.4935,0.7302,nan,nan,nan,nan,0
49,0.500,0.0000,0.0000,0.0000,0.0000,0.0000,0.0000,19.8069,0.0000,-1.4950,0.7258,nan,nan,nan,nan,0
50,0.510,0.0000,0.0000,0.0000,0.0000,0.0000,0.0000,19.7996,0.0000,-1.4965,0.7214,nan,nan,nan,nan,0
51,0.520,0.0000,0.0000,0.0000,0.0000,0.0000,0.0000,19.7925,0.0000,-1.4980,0.7169,nan,nan,nan,nan,0
52,0.530,0.0000,0.0000,0.0000,0.0000,0.0000,0.0000,19.7853,0.0000,-1.4995,0.7125,nan,nan,nan,nan,0
53,0.540,0.0000,0.0000,0.0000,0.0000,0.0000,0.0000,19.7782,0.0000,-1.5010,0.7081,nan,nan,nan,nan,0
54,0.550,0.0000,0.0000,0.0000,0.0000,0.0000,0.0000,19.7711,0.0000,-1.5025,0.7037,nan,nan,nan,nan,0
55,0.560,0.0000,0.0000,0.0000,0.0000,0.0000,0.0000,19.7641,0.0000,-1.5040,0.6992,nan,nan,nan,nan,0
56,0.570,0.0000,0.0000,0.0000,0.0000,0.0000,0.0000,19.7572,0.0000,-1.5055,0.6948,nan,nan,nan,nan,0
57,0.580,0.0000,0.0000,0.0000,0.0000,0.0000,0.0000,19.7502,0.0000,-1.5070,0.6904,nan,nan,nan,nan,0
58,0.590,0.0000,0.0000,0.0000,0.0000,0.0000,0.0000,19.7434,0.0000,-1.5085,0.6859,nan,nan,nan,nan,0
59,0.600,0.0000,0.0000,0.0000,0.0000,0.0000,0.0000,19.7365,0.0000,-1.5100,0.6815,nan,nan,nan,nan,0
60,0.610,0.0000,0.0000,0.0000,0.0000,0.0000,0.0000,19.7297,0.0000,-1.5115,0.6770,nan,nan,nan,nan,0
61,0.620,0.0000,0.0000,0.0000,0.0000,0.0000,0.0000,19.7230,0.0000,-1.5130,0.6726,nan,nan,nan,nan,0
62,0.630,0.0000,0.0000,0.0000,0.0000,0.0000,0.0000,19.7163,0.0000,-1.5145,0.6681,nan,nan,nan,nan,0
63,0.640,0.0000,0.0000,0.0000,0.0000,0.0000,0.0000,19.7096,0.0000,-1.5160,0.6636,nan,nan,nan,nan,0
64,0.650,0.0000,0.0000,0.0000,0.0000,0.0000,0.0000,19.7030,0.0000,-1.5175,0.6592,nan,nan,nan,nan,0
65,0.660,0.0000,0.0000,0.0000,0.0000,0.0000,0.0000,19.6964,0.0000,-1.5190,0.6547,nan,nan,nan,nan,0
66,0.670,0.0000,0.0000,0.0000,0.0000,0.0000,0.0000,19.6899,0.0000,-1.5205,0.6502,nan,nan,nan,nan,0
67,0.680,0.0000,0.0000,0.0000,0.0000,0.0000,0.0000,19.6834,0.0000,-1.5220,0.6457,nan,nan,nan,nan,0
68,0.690,0.0000,0.0000,0.0000,0.0000,0.0000,0.0000,19.6770,0.0000,-1.5235,0.6412,nan,nan,nan,nan,0
69,0.700,0.0000,0.0000,0.0000,0.0000,0.0000,0.0000,19.6706,0.0000,-1.5250,0.6367,nan,nan,nan,nan,0
70,0.710,0.0000,0.0000,0.0000,0.0000,0.0000,0.0000,19.6643,0.0000,-1.5265,0.6322,nan,nan,nan,nan,0
71,0.720,0.0000,0.0000,0.0000,0.0000,0.0000,0.0000,19.6580,0.0000,-1.5281,0.6277,nan,nan,nan,nan,0
72,0.730,0.0000,0.0000,0.0000,0.0000,0.0000,0.0000,19.6517,0.0000,-1.5296,0.6232,nan,nan,nan,nan,0
73,0.740,0.0000,0.0000,0.0000,0.0000,0.0000,0.0000,19.6455,0.0000,-1.5311,0.6187,nan,nan,nan,nan,0
74,0.750,0.0000,0.0000,0.0000,0.0000,0.0000,0.0000,19.6393,0.0000,-1.5326,0.6142,nan,nan,nan,nan,0
75,0.760,0.0000,0.0000,0.0000,0.0000,0.0000,0.0000,19.6332,0.0000,-1.5341,0.6097,nan,nan,nan,nan,0
76,0.770,0.0000,0.0000,0.0000,0.0000,0.0000,0.0000,19.6271,0.0000,-1.5356,0.6052,nan,nan,nan,nan,0
77,0.780,0.0000,0.0000,0.0000,0.0000,0.0000,0.0000,19.6211,0.0000,-1.5372,0.6006,nan,nan,nan,nan,0
78,0.790,0.0000,0.0000,0.0000,0.0000,0.0000,0.0000,19.6151,0.0000,-1.5387,0.5961,nan,nan,nan,nan,0
79,0.800,0.0000,0.0000,0.0000,0.0000,0.0000,0.0000,19.6092,0.0000,-1.5402,0.5916,nan,nan,nan,nan,0
80,0.810,0.0000,0.0000,0.0000,0.0000,0.0000,0.0000,19.6033,0.0000,-1.5417,0.5870,nan,nan,nan,nan,0
81,0.820,0.0000,0.0000,0.0000,0.0000,0.0000,0.0000,19.5974,0.0000,-1.5432,0.5825,nan,nan,nan,nan,0
82,0.830,0.0000,0.0000,0.0000,0.0000,0.0000,0.0000,19.5916,0.0000,-1.5448,0.5779,nan,nan,nan,nan,0
83,0.840,0.0000,0.0000,0.0000,0.0000,0.0000,0.0000,19.5859,0.0000,-1.5463,0.5734,nan,nan,nan,nan,0
84,0.850,0.0000,0.0000,0.0000,0.0000,0.0000,0.0000,19.5802,0.0000,-1.5478,0.5688,nan,nan,nan,nan,0
85,0.860,0.0000,0.0000,0.0000,0.0000,0.0000,0.0000,19.5745,0.0000,-1.5493,0.5643,nan,nan,nan,nan,0
86,0.870,0.0000,0.0000,0.0000,0.0000,0.0000,0.0000,19.5689,0.0000,-1.5509,0.5597,nan,nan,nan,nan,0
87,0.880,0.0000,0.0000,0.0000,0.0000,0.0000,0.0000,19.5633,0.0000,-1.5524,0.5551,nan,nan,nan,nan,0
88,0.890,0.0000,0.0000,0.0000,0.0000,0.0000,0.0000,19.5578,0.0000,-1.5539,0.5505,nan,nan,nan,nan,0
89,0.900,0.0000,0.0000,0.0000,0.0000,0.0000,0.0000,19.5523,0.0000,-1.5555,0.5460,nan,nan,nan,nan,0
90,0.910,0.0000,0.0000,0.0000,0.0000,0.0000,0.0000,19.5469,0.0000,-1.5570,0.5414,nan,nan,nan,nan,0
91,0.920,0.0000,0.0000,0.0000,0.0000,0.0000,0.0000,19.5415,0.0000,-1.5585,0.5368,nan,nan,nan,nan,0
92,0.930,0.0000,0.0000,0.0000,0.0000,0.0000,0.0000,19.5361,0.0000,-1.5600,0.5322,nan,nan,nan,nan,0
93,0.940,0.0000,0.0000,0.0000,0.0000,0.0000,0.0000,19.5308,0.0000,-1.5616,0.5276,nan,nan,nan,nan,0
94,0.950,0.0000,0.0000,0.0000,0.0000,0.0000,0.0000,19.5256,0.0000,-1.5631,0.5230,nan,nan,nan,nan,0
95,0.960,0.0000,0.0000,0.0000,0.0000,0.0000,0.0000,19.5204,0.0000,-1.5646,0.5184,nan,nan,nan,nan,0
96,0.970,0.0000,0.0000,0.0000,0.0000,0.0000,0.0000,19.5152,0.0000,-1.5662,0.5138,nan,nan,nan,nan,0
97,0.980,0.0000,0.0000,0.0000,0.0000,0.0000,0.0000,19.5101,0.0000,-1.5677,0.5092,nan,nan,nan,nan,0
98,0.990,0.0000,0.0000,0.0000,0.0000,0.0000,0.0000,19.5050,0.0000,-1.5693,0.5046,nan,nan,nan,nan,0
99,1.000,0.0000,0.0000,0.0000,0.0000,0.0000,0.0000,19.5000,0.0000,-1.5708,0.5000,nan,nan,nan,nan,0
