step,t_s,pn,pe,pd,vn,ve,vd,err_pos_m,update_ok
0,0.010,4.2466,0.4506,19.7621,3.3010,0.0726,1.6944,1.3737,1
1,0.020,4.8199,-2.0778,22.2866,1.9233,0.0307,-2.7317,3.6229,1
2,0.030,47.6623,1391.3715,124.6565,704.4000,581.7932,3358.7371,1396.0205,1
3,0.040,-387.4050,468.6820,-810.2714,375.4881,-517.4637,1713.5795,1030.1953,1
4,0.050,243.1325,4755.8833,669.6015,2328.4919,2351.7627,11285.6787,4806.0562,1
5,0.060,741.1847,330.3188,1599.9835,-117.8765,1803.7334,-345.5010,1775.0312,1
6,0.070,-4.3784,69.9974,0.5972,29.1370,210.4752,168.9916,72.9804,1
7,0.080,-379424.3438,264116.1562,-775347.8125,272170.2500,-648000.5625,1265614.2500,902727.7500,1
8,0.090,-376702.6562,257636.1562,-762691.6875,272170.2500,-648000.5625,1265614.2500,888826.3750,0
9,0.100,-373980.9688,251156.1562,-750035.5625,272170.2500,-648000.5625,1265614.2500,874943.6875,0
10,0.110,-371259.2812,244676.1562,-737379.4375,272170.2500,-648000.5625,1265614.2500,861080.5625,0
11,0.120,-368537.5938,238196.1562,-724723.3125,272170.2500,-648000.5625,1265614.2500,847237.9375,0
12,0.130,-365815.9062,231716.1562,-712067.1875,272170.2500,-648000.5625,1265614.2500,833416.8750,0
13,0.140,-363094.2188,225236.1562,-699411.0625,272170.2500,-648000.5625,1265614.2500,819618.4375,0
14,0.150,-360372.5312,218756.1562,-686754.9375,272170.2500,-648000.5625,1265614.2500,805843.7500,0
15,0.160,-357650.8438,212276.1562,-674098.8125,272170.2500,-648000.5625,1265614.2500,792094.1875,0
16,0.170,-354929.1562,205796.1562,-661442.6875,272170.2500,-648000.5625,1265614.2500,778370.9375,0
17,0.180,-352207.4688,199316.1562,-648786.5625,272170.2500,-648000.5625,1265614.2500,764675.5000,0
18,0.190,-349485.7812,192836.1562,-636130.4375,272170.2500,-648000.5625,1265614.2500,751009.3125,0
19,0.200,-346764.0938,186356.1562,-623474.3125,272170.2500,-648000.5625,1265614.2500,737374.1250,0
20,0.210,-344042.4062,179876.1562,-610818.1875,272170.2500,-648000.5625,1265614.2500,723771.6250,0
21,0.220,-341320.7188,173396.1562,-598162.0625,272170.2500,-648000.5625,1265614.2500,710203.6875,0
22,0.230,-338599.0312,166916.1562,-585505.9375,272170.2500,-648000.5625,1265614.2500,696672.3125,0
23,0.240,-335877.3438,160436.1562,-572849.8125,272170.2500,-648000.5625,1265614.2500,683179.7500,0
24,0.250,-333155.6562,153956.1562,-560193.6875,272170.2500,-648000.5625,1265614.2500,669728.2500,0
25,0.260,-330433.9688,147476.1562,-547537.5625,272170.2500,-648000.5625,1265614.2500,656320.3750,0
26,0.270,-327712.2812,140996.1562,-534881.4375,272170.2500,-648000.5625,1265614.2500,642958.8750,0
27,0.280,-324990.5938,134516.1562,-522225.2812,272170.2500,-648000.5625,1265614.2500,629646.6250,0
28,0.290,-322268.9062,128036.1484,-509569.1250,272170.2500,-648000.5625,1265614.2500,616386.8750,0
29,0.300,-319547.2188,121556.1406,-496912.9688,272170.2500,-648000.5625,1265614.2500,603183.1250,0
30,0.310,-316825.5312,115076.1328,-484256.8125,272170.2500,-648000.5625,1265614.2500,590039.0625,0
31,0.320,-314103.8438,108596.1250,-471600.6562,272170.2500,-648000.5625,1265614.2500,576958.8750,0
32,0.330,-311382.1562,102116.1172,-458944.5000,272170.2500,-648000.5625,1265614.2500,563946.8750,0
33,0.340,-308660.4688,95636.1094,-446288.3438,272170.2500,-648000.5625,1265614.2500,551007.9375,0
34,0.350,-305938.7812,89156.1016,-433632.1875,272170.2500,-648000.5625,1265614.2500,538147.3750,0
35,0.360,-303217.0938,82676.0938,-420976.0312,272170.2500,-648000.5625,1265614.2500,525370.9375,0
36,0.370,-300495.4062,76196.0859,-408319.8750,272170.2500,-648000.5625,1265614.2500,512684.8438,0
37,0.380,-297773.7188,69716.0781,-395663.7188,272170.2500,-648000.5625,1265614.2500,500096.0938,0
38,0.390,-295052.0312,63236.0742,-383007.5625,272170.2500,-648000.5625,1265614.2500,487612.0938,0
39,0.400,-292330.3438,56756.0703,-370351.4062,272170.2500,-648000.5625,1265614.2500,475241.1875,0
40,0.410,-289608.6562,50276.0664,-357695.2500,272170.2500,-648000.5625,1265614.2500,462992.3750,0
41,0.420,-286886.9688,43796.0625,-345039.0938,272170.2500,-648000.5625,1265614.2500,450875.6562,0
42,0.430,-284165.2812,37316.0586,-332382.9375,272170.2500,-648000.5625,1265614.2500,438901.9688,0
43,0.440,-281443.5938,30836.0527,-319726.7812,272170.2500,-648000.5625,1265614.2500,427083.3438,0
44,0.450,-278721.9062,24356.0469,-307070.6250,272170.2500,-648000.5625,1265614.2500,415433.0000,0
45,0.460,-276000.2188,17876.0410,-294414.4688,272170.2500,-648000.5625,1265614.2500,403965.4688,0
46,0.470,-273278.5312,11396.0352,-281758.3125,272170.2500,-648000.5625,1265614.2500,392696.7812,0
47,0.480,-270556.8438,4916.0298,-269102.1562,272170.2500,-648000.5625,1265614.2500,381644.6250,0
48,0.490,-267835.1562,-1563.9756,-256446.0156,272170.2500,-648000.5625,1265614.2500,370828.3125,0
49,0.500,-265113.4688,-8043.9810,-243789.8750,272170.2500,-648000.5625,1265614.2500,360269.0312,0
50,0.510,-262391.7812,-14523.9863,-231133.7344,272170.2500,-648000.5625,1265614.2500,349990.1562,0
51,0.520,-259670.0781,-21003.9922,-218477.5938,272170.2500,-648000.5625,1265614.2500,340017.0000,0
52,0.530,-256948.3750,-27483.9980,-205821.4531,272170.2500,-648000.5625,1265614.2500,330377.3125,0
53,0.540,-254226.6719,-33964.0039,-193165.3125,272170.2500,-648000.5625,1265614.2500,321101.0938,0
54,0.550,-251504.9688,-40444.0078,-180509.1719,272170.2500,-648000.5625,1265614.2500,312220.7812,0
55,0.560,-248783.2656,-46924.0117,-167853.0312,272170.2500,-648000.5625,1265614.2500,303771.1250,0
56,0.570,-246061.5625,-53404.0156,-155196.8906,272170.2500,-648000.5625,1265614.2500,295788.9688,0
57,0.580,-243339.8594,-59884.0195,-142540.7500,272170.2500,-648000.5625,1265614.2500,288313.1875,0
58,0.590,-240618.1562,-66364.0234,-129884.6094,272170.2500,-648000.5625,1265614.2500,281384.0938,0
59,0.600,-237896.4531,-72844.0312,-117228.4688,272170.2500,-648000.5625,1265614.2500,275043.0625,0
60,0.610,-235174.7500,-79324.0391,-104572.3281,272170.2500,-648000.5625,1265614.2500,269331.5938,0
61,0.620,-232453.0469,-85804.0469,-91916.1875,272170.2500,-648000.5625,1265614.2500,264290.5312,0
62,0.630,-229731.3438,-92284.0547,-79260.0469,272170.2500,-648000.5625,1265614.2500,259958.8906,0
63,0.640,-227009.6406,-98764.0625,-66603.9062,272170.2500,-648000.5625,1265614.2500,256372.5938,0
64,0.650,-224287.9375,-105244.0703,-53947.7656,272170.2500,-648000.5625,1265614.2500,253563.2969,0
65,0.660,-221566.2344,-111724.0781,-41291.6250,272170.2500,-648000.5625,1265614.2500,251557.0312,0
66,0.670,-218844.5312,-118204.0859,-28635.4824,272170.2500,-648000.5625,1265614.2500,250373.0938,0
67,0.680,-216122.8281,-124684.0938,-15979.3398,272170.2500,-648000.5625,1265614.2500,250023.1562,0
68,0.690,-213401.1250,-131164.0938,-3323.1973,272170.2500,-648000.5625,1265614.2500,250510.7500,0
69,0.700,-210679.4219,-137644.0938,9332.9453,272170.2500,-648000.5625,1265614.2500,251830.9688,0
70,0.710,-207957.7188,-144124.0938,21989.0879,272170.2500,-648000.5625,1265614.2500,253970.8438,0
71,0.720,-86428.0000,-23989.5547,77822.2969,145485.2812,-290946.2188,688355.5625,118737.9297,1
72,0.730,-84973.1484,-26899.0176,84705.8516,145485.2812,-290946.2188,688355.5625,122946.6797,0
73,0.740,-83518.2969,-29808.4805,91589.4062,145485.2812,-290946.2188,688355.5625,127471.5859,0
74,0.750,-82063.4453,-32717.9434,98472.9609,145485.2812,-290946.2188,688355.5625,132280.2188,0
75,0.760,-80608.5938,-35627.4062,105356.5156,145485.2812,-290946.2188,688355.5625,137342.7656,0
76,0.770,-79153.7422,-38536.8672,112240.0703,145485.2812,-290946.2188,688355.5625,142632.2031,0
77,0.780,114568.2031,230764.1406,166761.1250,-58583.5156,315452.9062,-234820.0000,306888.4688,1
78,0.790,113982.3672,233918.6719,164412.9219,-58583.5156,315452.9062,-234820.0000,307790.4062,0
79,0.800,113396.5312,237073.2031,162064.7188,-58583.5156,315452.9062,-234820.0000,308740.9375,0
80,0.810,112810.6953,240227.7344,159716.5156,-58583.5156,315452.9062,-234820.0000,309739.5625,0
81,0.820,112224.8594,243382.2656,157368.3125,-58583.5156,315452.9062,-234820.0000,310785.8438,0
82,0.830,111639.0234,246536.7969,155020.1094,-58583.5156,315452.9062,-234820.0000,311879.3125,0
83,0.840,111053.1875,249691.3281,152671.9062,-58583.5156,315452.9062,-234820.0000,313019.5000,0
84,0.850,110467.3516,252845.8594,150323.7031,-58583.5156,315452.9062,-234820.0000,314205.8125,0
85,0.860,109881.5156,256000.3906,147975.5000,-58583.5156,315452.9062,-234820.0000,315437.8125,0
86,0.870,109295.6797,259154.9219,145627.2969,-58583.5156,315452.9062,-234820.0000,316714.9375,0
87,0.880,108709.8438,262309.4375,143279.0938,-58583.5156,315452.9062,-234820.0000,318036.6250,0
88,0.890,108124.0078,265463.9688,140930.8906,-58583.5156,315452.9062,-234820.0000,319402.3125,0
89,0.900,107538.1719,268618.5000,138582.6875,-58583.5156,315452.9062,-234820.0000,320811.5312,0
90,0.910,106952.3359,271773.0312,136234.4844,-58583.5156,315452.9062,-234820.0000,322263.6250,0
91,0.920,106366.5000,274927.5625,133886.2812,-58583.5156,315452.9062,-234820.0000,323758.0312,0
92,0.930,105780.6641,278082.0938,131538.0781,-58583.5156,315452.9062,-234820.0000,325294.1562,0
93,0.940,105194.8281,281236.6250,129189.8750,-58583.5156,315452.9062,-234820.0000,326871.4375,0
94,0.950,104608.9922,284391.1562,126841.6719,-58583.5156,315452.9062,-234820.0000,328489.2812,0
95,0.960,104023.1562,287545.6875,124493.4688,-58583.5156,315452.9062,-234820.0000,330147.0312,0
96,0.970,103437.3203,290700.2188,122145.2656,-58583.5156,315452.9062,-234820.0000,331844.1875,0
97,0.980,102851.4844,293854.7500,119797.0625,-58583.5156,315452.9062,-234820.0000,333580.0938,0
98,0.990,102265.6484,297009.2812,117448.8594,-58583.5156,315452.9062,-234820.0000,335354.1875,0
99,1.000,101679.8125,300163.8125,115100.6562,-58583.5156,315452.9062,-234820.0000,337165.7812,0
100,1.010,101093.9766,303318.3438,112752.4531,-58583.5156,315452.9062,-234820.0000,339014.3438,0
101,1.020,100508.1406,306472.8750,110404.2500,-58583.5156,315452.9062,-234820.0000,340899.2812,0
102,1.030,99922.3047,309627.4062,108056.0469,-58583.5156,315452.9062,-234820.0000,342819.9375,0
103,1.040,99336.4688,312781.9375,105707.8438,-58583.5156,315452.9062,-234820.0000,344775.7500,0
104,1.050,98750.6328,315936.4688,103359.6406,-58583.5156,315452.9062,-234820.0000,346766.1250,0
105,1.060,98164.7969,319091.0000,101011.4375,-58583.5156,315452.9062,-234820.0000,348790.5000,0
106,1.070,97578.9609,322245.5312,98663.2344,-58583.5156,315452.9062,-234820.0000,350848.2188,0
107,1.080,96993.1250,325400.0625,96315.0312,-58583.5156,315452.9062,-234820.0000,352938.7188,0
108,1.090,96407.2891,328554.5938,93966.8281,-58583.5156,315452.9062,-234820.0000,355061.4688,0
109,1.100,95821.4531,331709.1250,91618.6250,-58583.5156,315452.9062,-234820.0000,357215.8438,0
110,1.110,95235.6172,334863.6562,89270.4219,-58583.5156,315452.9062,-234820.0000,359401.3125,0
111,1.120,94649.7812,338018.1875,86922.2188,-58583.5156,315452.9062,-234820.0000,361617.2500,0
112,1.130,94063.9453,341172.7188,84574.0156,-58583.5156,315452.9062,-234820.0000,363863.1562,0
113,1.140,93478.1094,344327.2500,82225.8125,-58583.5156,315452.9062,-234820.0000,366138.4688,0
114,1.150,92892.2734,347481.7812,79877.6094,-58583.5156,315452.9062,-234820.0000,368442.6562,0
115,1.160,92306.4375,350636.3125,77529.4062,-58583.5156,315452.9062,-234820.0000,370775.0938,0
116,1.170,91720.6016,353790.8438,75181.2031,-58583.5156,315452.9062,-234820.0000,373135.3750,0
117,1.180,91134.7656,356945.3750,72833.0000,-58583.5156,315452.9062,-234820.0000,375522.9062,0
118,1.190,90548.9297,360099.9062,70484.7969,-58583.5156,315452.9062,-234820.0000,377937.2188,0
119,1.200,89963.0938,363254.4375,68136.5938,-58583.5156,315452.9062,-234820.0000,380377.7188,0
120,1.210,89377.2578,366408.9688,65788.3906,-58583.5156,315452.9062,-234820.0000,382843.9688,0
121,1.220,88791.4219,369563.5000,63440.1914,-58583.5156,315452.9062,-234820.0000,385335.4375,0
122,1.230,88205.5859,372718.0312,61091.9922,-58583.5156,315452.9062,-234820.0000,387851.6875,0
123,1.240,87619.7500,375872.5625,58743.7930,-58583.5156,315452.9062,-234820.0000,390392.2188,0
124,1.250,87033.9141,379027.0938,56395.5938,-58583.5156,315452.9062,-234820.0000,392956.5312,0
125,1.260,86448.0781,382181.6250,54047.3945,-58583.5156,315452.9062,-234820.0000,395544.1875,0
126,1.270,85862.2422,385336.1562,51699.1953,-58583.5156,315452.9062,-234820.0000,398154.7500,0
127,1.280,85276.4062,388490.6875,49350.9961,-58583.5156,315452.9062,-234820.0000,400787.7812,0
128,1.290,84690.5703,391645.2188,47002.7969,-58583.5156,315452.9062,-234820.0000,403442.7500,0
129,1.300,84104.7344,394799.7500,44654.5977,-58583.5156,315452.9062,-234820.0000,406119.3438,0
130,1.310,83518.8984,397954.2812,42306.3984,-58583.5156,315452.9062,-234820.0000,408817.0312,0
131,1.320,82933.0625,401108.8125,39958.1992,-58583.5156,315452.9062,-234820.0000,411535.4688,0
132,1.330,82347.2266,404263.3438,37610.0000,-58583.5156,315452.9062,-234820.0000,414274.2188,0
133,1.340,81761.3906,407417.8750,35261.8008,-58583.5156,315452.9062,-234820.0000,417032.9062,0
134,1.350,81175.5547,410572.4062,32913.6016,-58583.5156,315452.9062,-234820.0000,419811.1250,0
135,1.360,80589.7188,413726.9375,30565.4023,-58583.5156,315452.9062,-234820.0000,422608.4688,0
136,1.370,80003.8828,416881.4688,28217.2031,-58583.5156,315452.9062,-234820.0000,425424.5938,0
137,1.380,79418.0469,420036.0000,25869.0039,-58583.5156,315452.9062,-234820.0000,428259.0938,0
138,1.390,78832.2109,423190.5312,23520.8047,-58583.5156,315452.9062,-234820.0000,431111.6250,0
139,1.400,78246.3750,426345.0625,21172.6055,-58583.5156,315452.9062,-234820.0000,433981.8750,0
140,1.410,77660.5391,429499.5938,18824.4062,-58583.5156,315452.9062,-234820.0000,436869.4062,0
141,1.420,77074.7031,432654.1250,16476.2070,-58583.5156,315452.9062,-234820.0000,439773.9375,0
142,1.430,76488.8672,435808.6562,14128.0068,-58583.5156,315452.9062,-234820.0000,442695.1250,0
143,1.440,75903.0312,438963.1875,11779.8066,-58583.5156,315452.9062,-234820.0000,445632.6562,0
144,1.450,75317.1953,442117.7188,9431.6064,-58583.5156,315452.9062,-234820.0000,448586.1562,0
145,1.460,74731.3594,445272.2500,7083.4062,-58583.5156,315452.9062,-234820.0000,451555.3750,0
146,1.470,74145.5234,448426.7812,4735.2061,-58583.5156,315452.9062,-234820.0000,454539.9688,0
147,1.480,73559.6875,451581.3125,2387.0061,-58583.5156,315452.9062,-234820.0000,457539.6562,0
148,1.490,72973.8516,454735.8438,38.8062,-58583.5156,315452.9062,-234820.0000,460554.0938,0
149,1.500,72388.0156,457890.3750,-2309.3938,-58583.5156,315452.9062,-234820.0000,463583.0625,0
150,1.510,71802.1797,461044.9062,-4657.5938,-58583.5156,315452.9062,-234820.0000,466626.2500,0
151,1.520,71216.3438,464199.4375,-7005.7939,-58583.5156,315452.9062,-234820.0000,469683.3750,0
152,1.530,70630.5078,467353.9688,-9353.9941,-58583.5156,315452.9062,-234820.0000,472754.1250,0
153,1.540,70044.6719,470508.5000,-11702.1943,-58583.5156,315452.9062,-234820.0000,475838.3438,0
154,1.550,69458.8359,473663.0312,-14050.3945,-58583.5156,315452.9062,-234820.0000,478935.6562,0
155,1.560,68873.0000,476817.5625,-16398.5938,-58583.5156,315452.9062,-234820.0000,482045.9062,0
156,1.570,68287.1641,479972.0938,-18746.7930,-58583.5156,315452.9062,-234820.0000,485168.7812,0
157,1.580,67701.3281,483126.6250,-21094.9922,-58583.5156,315452.9062,-234820.0000,488304.0312,0
158,1.590,67115.4922,486281.1562,-23443.1914,-58583.5156,315452.9062,-234820.0000,491451.5000,0
159,1.600,66529.6562,489435.6875,-25791.3906,-58583.5156,315452.9062,-234820.0000,494610.8750,0
160,1.610,65943.8203,492590.2188,-28139.5898,-58583.5156,315452.9062,-234820.0000,497781.9375,0
161,1.620,65357.9844,495744.7500,-30487.7891,-58583.5156,315452.9062,-234820.0000,500964.5000,0
162,1.630,64772.1484,498899.2812,-32835.9883,-58583.5156,315452.9062,-234820.0000,504158.3438,0
163,1.640,64186.3125,502053.8125,-35184.1875,-58583.5156,315452.9062,-234820.0000,507363.2188,0
164,1.650,63600.4766,505208.3438,-37532.3867,-58583.5156,315452.9062,-234820.0000,510578.9688,0
165,1.660,63014.6406,508362.8750,-39880.5859,-58583.5156,315452.9062,-234820.0000,513805.3125,0
166,1.670,62428.8047,511517.4062,-42228.7852,-58583.5156,315452.9062,-234820.0000,517042.1250,0
167,1.680,61842.9688,514671.9375,-44576.9844,-58583.5156,315452.9062,-234820.0000,520289.1875,0
168,1.690,61257.1328,517826.4688,-46925.1836,-58583.5156,315452.9062,-234820.0000,523546.2812,0
169,1.700,60671.2969,520981.0000,-49273.3828,-58583.5156,315452.9062,-234820.0000,526813.2500,0
170,1.710,60085.4609,524135.5312,-51621.5820,-58583.5156,315452.9062,-234820.0000,530089.9375,0
171,1.720,59499.6250,527290.0625,-53969.7812,-58583.5156,315452.9062,-234820.0000,533376.1250,0
172,1.730,58913.7891,530444.5625,-56317.9805,-58583.5156,315452.9062,-234820.0000,536671.6250,0
173,1.740,58327.9531,533599.0625,-58666.1797,-58583.5156,315452.9062,-234820.0000,539976.2500,0
174,1.750,57742.1172,536753.5625,-61014.3789,-58583.5156,315452.9062,-234820.0000,543289.8750,0
175,1.760,57156.2812,539908.0625,-63362.5781,-58583.5156,315452.9062,-234820.0000,546612.3125,0
176,1.770,56570.4453,543062.5625,-65710.7812,-58583.5156,315452.9062,-234820.0000,549943.5000,0
177,1.780,55984.6094,546217.0625,-68058.9844,-58583.5156,315452.9062,-234820.0000,553283.1875,0
178,1.790,55398.7734,549371.5625,-70407.1875,-58583.5156,315452.9062,-234820.0000,556631.1875,0
179,1.800,54812.9375,552526.0625,-72755.3906,-58583.5156,315452.9062,-234820.0000,559987.3750,0
180,1.810,54227.1016,555680.5625,-75103.5938,-58583.5156,315452.9062,-234820.0000,563351.6875,0
181,1.820,53641.2656,558835.0625,-77451.7969,-58583.5156,315452.9062,-234820.0000,566723.9375,0
182,1.830,53055.4297,561989.5625,-79800.0000,-58583.5156,315452.9062,-234820.0000,570103.9375,0
183,1.840,52469.5938,565144.0625,-82148.2031,-58583.5156,315452.9062,-234820.0000,573491.5625,0
184,1.850,51883.7578,568298.5625,-84496.4062,-58583.5156,315452.9062,-234820.0000,576886.7500,0
185,1.860,51297.9219,571453.0625,-86844.6094,-58583.5156,315452.9062,-234820.0000,580289.2500,0
186,1.870,50712.0859,574607.5625,-89192.8125,-58583.5156,315452.9062,-234820.0000,583699.0625,0
187,1.880,50126.2500,577762.0625,-91541.0156,-58583.5156,315452.9062,-234820.0000,587115.9375,0
188,1.890,49540.4141,580916.5625,-93889.2188,-58583.5156,315452.9062,-234820.0000,590539.8750,0
189,1.900,48954.5781,584071.0625,-96237.4219,-58583.5156,315452.9062,-234820.0000,593970.6250,0
190,1.910,48368.7422,587225.5625,-98585.6250,-58583.5156,315452.9062,-234820.0000,597408.1875,0
191,1.920,47782.9062,590380.0625,-100933.8281,-58583.5156,315452.9062,-234820.0000,600852.3750,0
192,1.930,47197.0703,593534.5625,-103282.0312,-58583.5156,315452.9062,-234820.0000,604303.0625,0
193,1.940,46611.2344,596689.0625,-105630.2344,-58583.5156,315452.9062,-234820.0000,607760.2500,0
194,1.950,46025.3984,599843.5625,-107978.4375,-58583.5156,315452.9062,-234820.0000,611223.6250,0
195,1.960,45439.5625,602998.0625,-110326.6406,-58583.5156,315452.9062,-234820.0000,614693.3125,0
196,1.970,44853.7266,606152.5625,-112674.8438,-58583.5156,315452.9062,-234820.0000,618169.0000,0
197,1.980,44267.8906,609307.0625,-115023.0469,-58583.5156,315452.9062,-234820.0000,621650.7500,0
198,1.990,43682.0547,612461.5625,-117371.2500,-58583.5156,315452.9062,-234820.0000,625138.3750,0
199,2.000,43096.2188,615616.0625,-119719.4531,-58583.5156,315452.9062,-234820.0000,628631.8125,0
